{"cameraMode":{"drawMode":0,"name":"Shaded","section":"Shading Mode"},"sceneLighting":false,"audioPlay":false,"sceneViewState":{"showFog":true,"showMaterialUpdate":false,"showSkybox":false,"showFlares":true,"showImageEffects":true,"showParticleSystems":true},"in2DMode":false,"pivot":{"x":1.2935234308242798,"y":3.0569095611572267,"z":-2.775604248046875},"rotation":{"x":0.0009052198729477823,"y":0.9616537094116211,"z":-0.2742486298084259,"w":0.003174508921802044},"size":19.114730834960939,"orthographic":false}