{"cameraMode":{"drawMode":0,"name":"Shaded","section":"Shading Mode"},"sceneLighting":false,"audioPlay":false,"sceneViewState":{"showFog":true,"showMaterialUpdate":false,"showSkybox":false,"showFlares":true,"showImageEffects":true,"showParticleSystems":true},"in2DMode":false,"pivot":{"x":0.15465426445007325,"y":0.5034958124160767,"z":0.0},"rotation":{"x":0.0023449722211807968,"y":0.8725834488868713,"z":-0.48844197392463686,"w":0.00418939720839262},"size":3.2355713844299318,"orthographic":false}